Date,Day,Country,Type,Value,TotalValue
3/22/2014,0,Guinea,Cases,49,49
3/22/2014,0,Guinea,Deaths,29,29
3/22/2014,0,Liberia,Cases,0,0
3/22/2014,0,Liberia,Deaths,0,0
3/22/2014,0,SierraLeone,Cases,0,0
3/22/2014,0,SierraLeone,Deaths,0,0
3/22/2014,0,Nigeria,Cases,0,0
3/22/2014,0,Nigeria,Deaths,0,0
3/22/2014,0,Senegal,Cases,0,0
3/22/2014,0,Senegal,Deaths,0,0
3/22/2014,0,UnitedStates,Cases,0,0
3/22/2014,0,UnitedStates,Deaths,0,0
3/22/2014,0,Spain,Cases,0,0
3/22/2014,0,Spain,Deaths,0,0
3/22/2014,0,Mali,Cases,0,0
3/22/2014,0,Mali,Deaths,0,0
3/24/2014,2,Guinea,Cases,37,86
3/24/2014,2,Guinea,Deaths,30,59
3/24/2014,2,Liberia,Cases,0,0
3/24/2014,2,Liberia,Deaths,0,0
3/24/2014,2,SierraLeone,Cases,0,0
3/24/2014,2,SierraLeone,Deaths,0,0
3/24/2014,2,Nigeria,Cases,0,0
3/24/2014,2,Nigeria,Deaths,0,0
3/24/2014,2,Senegal,Cases,0,0
3/24/2014,2,Senegal,Deaths,0,0
3/24/2014,2,UnitedStates,Cases,0,0
3/24/2014,2,UnitedStates,Deaths,0,0
3/24/2014,2,Spain,Cases,0,0
3/24/2014,2,Spain,Deaths,0,0
3/24/2014,2,Mali,Cases,0,0
3/24/2014,2,Mali,Deaths,0,0
3/25/2014,3,Guinea,Cases,0,86
3/25/2014,3,Guinea,Deaths,1,60
3/25/2014,3,Liberia,Cases,0,0
3/25/2014,3,Liberia,Deaths,0,0
3/25/2014,3,SierraLeone,Cases,0,0
3/25/2014,3,SierraLeone,Deaths,0,0
3/25/2014,3,Nigeria,Cases,0,0
3/25/2014,3,Nigeria,Deaths,0,0
3/25/2014,3,Senegal,Cases,0,0
3/25/2014,3,Senegal,Deaths,0,0
3/25/2014,3,UnitedStates,Cases,0,0
3/25/2014,3,UnitedStates,Deaths,0,0
3/25/2014,3,Spain,Cases,0,0
3/25/2014,3,Spain,Deaths,0,0
3/25/2014,3,Mali,Cases,0,0
3/25/2014,3,Mali,Deaths,0,0
3/26/2014,4,Guinea,Cases,0,86
3/26/2014,4,Guinea,Deaths,2,62
3/26/2014,4,Liberia,Cases,0,0
3/26/2014,4,Liberia,Deaths,0,0
3/26/2014,4,SierraLeone,Cases,0,0
3/26/2014,4,SierraLeone,Deaths,0,0
3/26/2014,4,Nigeria,Cases,0,0
3/26/2014,4,Nigeria,Deaths,0,0
3/26/2014,4,Senegal,Cases,0,0
3/26/2014,4,Senegal,Deaths,0,0
3/26/2014,4,UnitedStates,Cases,0,0
3/26/2014,4,UnitedStates,Deaths,0,0
3/26/2014,4,Spain,Cases,0,0
3/26/2014,4,Spain,Deaths,0,0
3/26/2014,4,Mali,Cases,0,0
3/26/2014,4,Mali,Deaths,0,0
3/27/2014,5,Guinea,Cases,17,103
3/27/2014,5,Guinea,Deaths,4,66
3/27/2014,5,Liberia,Cases,8,8
3/27/2014,5,Liberia,Deaths,6,6
3/27/2014,5,SierraLeone,Cases,6,6
3/27/2014,5,SierraLeone,Deaths,5,5
3/27/2014,5,Nigeria,Cases,0,0
3/27/2014,5,Nigeria,Deaths,0,0
3/27/2014,5,Senegal,Cases,0,0
3/27/2014,5,Senegal,Deaths,0,0
3/27/2014,5,UnitedStates,Cases,0,0
3/27/2014,5,UnitedStates,Deaths,0,0
3/27/2014,5,Spain,Cases,0,0
3/27/2014,5,Spain,Deaths,0,0
3/27/2014,5,Mali,Cases,0,0
3/27/2014,5,Mali,Deaths,0,0
3/28/2014,6,Guinea,Cases,9,112
3/28/2014,6,Guinea,Deaths,4,70
3/28/2014,6,Liberia,Cases,0,8
3/28/2014,6,Liberia,Deaths,0,6
3/28/2014,6,SierraLeone,Cases,0,6
3/28/2014,6,SierraLeone,Deaths,0,5
3/28/2014,6,Nigeria,Cases,0,0
3/28/2014,6,Nigeria,Deaths,0,0
3/28/2014,6,Senegal,Cases,0,0
3/28/2014,6,Senegal,Deaths,0,0
3/28/2014,6,UnitedStates,Cases,0,0
3/28/2014,6,UnitedStates,Deaths,0,0
3/28/2014,6,Spain,Cases,0,0
3/28/2014,6,Spain,Deaths,0,0
3/28/2014,6,Mali,Cases,0,0
3/28/2014,6,Mali,Deaths,0,0
3/29/2014,7,Guinea,Cases,0,112
3/29/2014,7,Guinea,Deaths,0,70
3/29/2014,7,Liberia,Cases,0,8
3/29/2014,7,Liberia,Deaths,0,6
3/29/2014,7,SierraLeone,Cases,0,6
3/29/2014,7,SierraLeone,Deaths,0,5
3/29/2014,7,Nigeria,Cases,0,0
3/29/2014,7,Nigeria,Deaths,0,0
3/29/2014,7,Senegal,Cases,0,0
3/29/2014,7,Senegal,Deaths,0,0
3/29/2014,7,UnitedStates,Cases,0,0
3/29/2014,7,UnitedStates,Deaths,0,0
3/29/2014,7,Spain,Cases,0,0
3/29/2014,7,Spain,Deaths,0,0
3/29/2014,7,Mali,Cases,0,0
3/29/2014,7,Mali,Deaths,0,0
3/31/2014,9,Guinea,Cases,10,122
3/31/2014,9,Guinea,Deaths,10,80
3/31/2014,9,Liberia,Cases,0,8
3/31/2014,9,Liberia,Deaths,0,6
3/31/2014,9,SierraLeone,Cases,0,6
3/31/2014,9,SierraLeone,Deaths,0,5
3/31/2014,9,Nigeria,Cases,0,0
3/31/2014,9,Nigeria,Deaths,0,0
3/31/2014,9,Senegal,Cases,0,0
3/31/2014,9,Senegal,Deaths,0,0
3/31/2014,9,UnitedStates,Cases,0,0
3/31/2014,9,UnitedStates,Deaths,0,0
3/31/2014,9,Spain,Cases,0,0
3/31/2014,9,Spain,Deaths,0,0
3/31/2014,9,Mali,Cases,0,0
3/31/2014,9,Mali,Deaths,0,0
4/1/2014,10,Guinea,Cases,5,127
4/1/2014,10,Guinea,Deaths,3,83
4/1/2014,10,Liberia,Cases,0,8
4/1/2014,10,Liberia,Deaths,0,6
4/1/2014,10,SierraLeone,Cases,0,6
4/1/2014,10,SierraLeone,Deaths,0,5
4/1/2014,10,Nigeria,Cases,0,0
4/1/2014,10,Nigeria,Deaths,0,0
4/1/2014,10,Senegal,Cases,0,0
4/1/2014,10,Senegal,Deaths,0,0
4/1/2014,10,UnitedStates,Cases,0,0
4/1/2014,10,UnitedStates,Deaths,0,0
4/1/2014,10,Spain,Cases,0,0
4/1/2014,10,Spain,Deaths,0,0
4/1/2014,10,Mali,Cases,0,0
4/1/2014,10,Mali,Deaths,0,0
4/4/2014,13,Guinea,Cases,16,143
4/4/2014,13,Guinea,Deaths,3,86
4/4/2014,13,Liberia,Cases,10,18
4/4/2014,13,Liberia,Deaths,1,7
4/4/2014,13,SierraLeone,Cases,0,6
4/4/2014,13,SierraLeone,Deaths,0,5
4/4/2014,13,Nigeria,Cases,0,0
4/4/2014,13,Nigeria,Deaths,0,0
4/4/2014,13,Senegal,Cases,0,0
4/4/2014,13,Senegal,Deaths,0,0
4/4/2014,13,UnitedStates,Cases,0,0
4/4/2014,13,UnitedStates,Deaths,0,0
4/4/2014,13,Spain,Cases,0,0
4/4/2014,13,Spain,Deaths,0,0
4/4/2014,13,Mali,Cases,0,0
4/4/2014,13,Mali,Deaths,0,0
4/7/2014,16,Guinea,Cases,8,151
4/7/2014,16,Guinea,Deaths,9,95
4/7/2014,16,Liberia,Cases,3,21
4/7/2014,16,Liberia,Deaths,3,10
4/7/2014,16,SierraLeone,Cases,0,6
4/7/2014,16,SierraLeone,Deaths,0,5
4/7/2014,16,Nigeria,Cases,0,0
4/7/2014,16,Nigeria,Deaths,0,0
4/7/2014,16,Senegal,Cases,0,0
4/7/2014,16,Senegal,Deaths,0,0
4/7/2014,16,UnitedStates,Cases,0,0
4/7/2014,16,UnitedStates,Deaths,0,0
4/7/2014,16,Spain,Cases,0,0
4/7/2014,16,Spain,Deaths,0,0
4/7/2014,16,Mali,Cases,0,0
4/7/2014,16,Mali,Deaths,0,0
4/9/2014,18,Guinea,Cases,7,158
4/9/2014,18,Guinea,Deaths,6,101
4/9/2014,18,Liberia,Cases,4,25
4/9/2014,18,Liberia,Deaths,2,12
4/9/2014,18,SierraLeone,Cases,0,6
4/9/2014,18,SierraLeone,Deaths,0,5
4/9/2014,18,Nigeria,Cases,0,0
4/9/2014,18,Nigeria,Deaths,0,0
4/9/2014,18,Senegal,Cases,0,0
4/9/2014,18,Senegal,Deaths,0,0
4/9/2014,18,UnitedStates,Cases,0,0
4/9/2014,18,UnitedStates,Deaths,0,0
4/9/2014,18,Spain,Cases,0,0
4/9/2014,18,Spain,Deaths,0,0
4/9/2014,18,Mali,Cases,0,0
4/9/2014,18,Mali,Deaths,0,0
4/11/2014,20,Guinea,Cases,1,159
4/11/2014,20,Guinea,Deaths,5,106
4/11/2014,20,Liberia,Cases,1,26
4/11/2014,20,Liberia,Deaths,1,13
4/11/2014,20,SierraLeone,Cases,0,6
4/11/2014,20,SierraLeone,Deaths,0,5
4/11/2014,20,Nigeria,Cases,0,0
4/11/2014,20,Nigeria,Deaths,0,0
4/11/2014,20,Senegal,Cases,0,0
4/11/2014,20,Senegal,Deaths,0,0
4/11/2014,20,UnitedStates,Cases,0,0
4/11/2014,20,UnitedStates,Deaths,0,0
4/11/2014,20,Spain,Cases,0,0
4/11/2014,20,Spain,Deaths,0,0
4/11/2014,20,Mali,Cases,0,0
4/11/2014,20,Mali,Deaths,0,0
4/14/2014,23,Guinea,Cases,9,168
4/14/2014,23,Guinea,Deaths,2,108
4/14/2014,23,Liberia,Cases,0,26
4/14/2014,23,Liberia,Deaths,0,13
4/14/2014,23,SierraLeone,Cases,0,6
4/14/2014,23,SierraLeone,Deaths,0,5
4/14/2014,23,Nigeria,Cases,0,0
4/14/2014,23,Nigeria,Deaths,0,0
4/14/2014,23,Senegal,Cases,0,0
4/14/2014,23,Senegal,Deaths,0,0
4/14/2014,23,UnitedStates,Cases,0,0
4/14/2014,23,UnitedStates,Deaths,0,0
4/14/2014,23,Spain,Cases,0,0
4/14/2014,23,Spain,Deaths,0,0
4/14/2014,23,Mali,Cases,0,0
4/14/2014,23,Mali,Deaths,0,0
4/15/2014,24,Guinea,Cases,0,168
4/15/2014,24,Guinea,Deaths,0,108
4/15/2014,24,Liberia,Cases,0,26
4/15/2014,24,Liberia,Deaths,0,13
4/15/2014,24,SierraLeone,Cases,6,12
4/15/2014,24,SierraLeone,Deaths,0,5
4/15/2014,24,Nigeria,Cases,0,0
4/15/2014,24,Nigeria,Deaths,0,0
4/15/2014,24,Senegal,Cases,0,0
4/15/2014,24,Senegal,Deaths,0,0
4/15/2014,24,UnitedStates,Cases,0,0
4/15/2014,24,UnitedStates,Deaths,0,0
4/15/2014,24,Spain,Cases,0,0
4/15/2014,24,Spain,Deaths,0,0
4/15/2014,24,Mali,Cases,0,0
4/15/2014,24,Mali,Deaths,0,0
4/16/2014,25,Guinea,Cases,29,197
4/16/2014,25,Guinea,Deaths,14,122
4/16/2014,25,Liberia,Cases,1,27
4/16/2014,25,Liberia,Deaths,0,13
4/16/2014,25,SierraLeone,Cases,0,12
4/16/2014,25,SierraLeone,Deaths,0,5
4/16/2014,25,Nigeria,Cases,0,0
4/16/2014,25,Nigeria,Deaths,0,0
4/16/2014,25,Senegal,Cases,0,0
4/16/2014,25,Senegal,Deaths,0,0
4/16/2014,25,UnitedStates,Cases,0,0
4/16/2014,25,UnitedStates,Deaths,0,0
4/16/2014,25,Spain,Cases,0,0
4/16/2014,25,Spain,Deaths,0,0
4/16/2014,25,Mali,Cases,0,0
4/16/2014,25,Mali,Deaths,0,0
4/17/2014,26,Guinea,Cases,6,203
4/17/2014,26,Guinea,Deaths,7,129
4/17/2014,26,Liberia,Cases,0,27
4/17/2014,26,Liberia,Deaths,0,13
4/17/2014,26,SierraLeone,Cases,0,12
4/17/2014,26,SierraLeone,Deaths,0,5
4/17/2014,26,Nigeria,Cases,0,0
4/17/2014,26,Nigeria,Deaths,0,0
4/17/2014,26,Senegal,Cases,0,0
4/17/2014,26,Senegal,Deaths,0,0
4/17/2014,26,UnitedStates,Cases,0,0
4/17/2014,26,UnitedStates,Deaths,0,0
4/17/2014,26,Spain,Cases,0,0
4/17/2014,26,Spain,Deaths,0,0
4/17/2014,26,Mali,Cases,0,0
4/17/2014,26,Mali,Deaths,0,0
4/20/2014,29,Guinea,Cases,5,208
4/20/2014,29,Guinea,Deaths,7,136
4/20/2014,29,Liberia,Cases,0,27
4/20/2014,29,Liberia,Deaths,0,13
4/20/2014,29,SierraLeone,Cases,0,12
4/20/2014,29,SierraLeone,Deaths,0,5
4/20/2014,29,Nigeria,Cases,0,0
4/20/2014,29,Nigeria,Deaths,0,0
4/20/2014,29,Senegal,Cases,0,0
4/20/2014,29,Senegal,Deaths,0,0
4/20/2014,29,UnitedStates,Cases,0,0
4/20/2014,29,UnitedStates,Deaths,0,0
4/20/2014,29,Spain,Cases,0,0
4/20/2014,29,Spain,Deaths,0,0
4/20/2014,29,Mali,Cases,0,0
4/20/2014,29,Mali,Deaths,0,0
4/21/2014,30,Guinea,Cases,0,208
4/21/2014,30,Guinea,Deaths,0,136
4/21/2014,30,Liberia,Cases,7,34
4/21/2014,30,Liberia,Deaths,0,13
4/21/2014,30,SierraLeone,Cases,0,12
4/21/2014,30,SierraLeone,Deaths,0,5
4/21/2014,30,Nigeria,Cases,0,0
4/21/2014,30,Nigeria,Deaths,0,0
4/21/2014,30,Senegal,Cases,0,0
4/21/2014,30,Senegal,Deaths,0,0
4/21/2014,30,UnitedStates,Cases,0,0
4/21/2014,30,UnitedStates,Deaths,0,0
4/21/2014,30,Spain,Cases,0,0
4/21/2014,30,Spain,Deaths,0,0
4/21/2014,30,Mali,Cases,0,0
4/21/2014,30,Mali,Deaths,0,0
4/22/2014,31,Guinea,Cases,0,208
4/22/2014,31,Guinea,Deaths,0,136
4/22/2014,31,Liberia,Cases,0,34
4/22/2014,31,Liberia,Deaths,0,13
4/22/2014,31,SierraLeone,Cases,0,12
4/22/2014,31,SierraLeone,Deaths,0,5
4/22/2014,31,Nigeria,Cases,0,0
4/22/2014,31,Nigeria,Deaths,0,0
4/22/2014,31,Senegal,Cases,0,0
4/22/2014,31,Senegal,Deaths,0,0
4/22/2014,31,UnitedStates,Cases,0,0
4/22/2014,31,UnitedStates,Deaths,0,0
4/22/2014,31,Spain,Cases,0,0
4/22/2014,31,Spain,Deaths,0,0
4/22/2014,31,Mali,Cases,0,0
4/22/2014,31,Mali,Deaths,0,0
4/23/2014,32,Guinea,Cases,10,218
4/23/2014,32,Guinea,Deaths,5,141
4/23/2014,32,Liberia,Cases,0,34
4/23/2014,32,Liberia,Deaths,0,13
4/23/2014,32,SierraLeone,Cases,0,12
4/23/2014,32,SierraLeone,Deaths,0,5
4/23/2014,32,Nigeria,Cases,0,0
4/23/2014,32,Nigeria,Deaths,0,0
4/23/2014,32,Senegal,Cases,0,0
4/23/2014,32,Senegal,Deaths,0,0
4/23/2014,32,UnitedStates,Cases,0,0
4/23/2014,32,UnitedStates,Deaths,0,0
4/23/2014,32,Spain,Cases,0,0
4/23/2014,32,Spain,Deaths,0,0
4/23/2014,32,Mali,Cases,0,0
4/23/2014,32,Mali,Deaths,0,0
4/24/2014,33,Guinea,Cases,0,218
4/24/2014,33,Guinea,Deaths,0,141
4/24/2014,33,Liberia,Cases,1,35
4/24/2014,33,Liberia,Deaths,0,13
4/24/2014,33,SierraLeone,Cases,0,12
4/24/2014,33,SierraLeone,Deaths,0,5
4/24/2014,33,Nigeria,Cases,0,0
4/24/2014,33,Nigeria,Deaths,0,0
4/24/2014,33,Senegal,Cases,0,0
4/24/2014,33,Senegal,Deaths,0,0
4/24/2014,33,UnitedStates,Cases,0,0
4/24/2014,33,UnitedStates,Deaths,0,0
4/24/2014,33,Spain,Cases,0,0
4/24/2014,33,Spain,Deaths,0,0
4/24/2014,33,Mali,Cases,0,0
4/24/2014,33,Mali,Deaths,0,0
4/26/2014,35,Guinea,Cases,6,224
4/26/2014,35,Guinea,Deaths,2,143
4/26/2014,35,Liberia,Cases,0,35
4/26/2014,35,Liberia,Deaths,0,13
4/26/2014,35,SierraLeone,Cases,0,12
4/26/2014,35,SierraLeone,Deaths,0,5
4/26/2014,35,Nigeria,Cases,0,0
4/26/2014,35,Nigeria,Deaths,0,0
4/26/2014,35,Senegal,Cases,0,0
4/26/2014,35,Senegal,Deaths,0,0
4/26/2014,35,UnitedStates,Cases,0,0
4/26/2014,35,UnitedStates,Deaths,0,0
4/26/2014,35,Spain,Cases,0,0
4/26/2014,35,Spain,Deaths,0,0
4/26/2014,35,Mali,Cases,0,0
4/26/2014,35,Mali,Deaths,0,0
5/1/2014,40,Guinea,Cases,2,226
5/1/2014,40,Guinea,Deaths,6,149
5/1/2014,40,Liberia,Cases,0,35
5/1/2014,40,Liberia,Deaths,0,13
5/1/2014,40,SierraLeone,Cases,0,12
5/1/2014,40,SierraLeone,Deaths,0,5
5/1/2014,40,Nigeria,Cases,0,0
5/1/2014,40,Nigeria,Deaths,0,0
5/1/2014,40,Senegal,Cases,0,0
5/1/2014,40,Senegal,Deaths,0,0
5/1/2014,40,UnitedStates,Cases,0,0
5/1/2014,40,UnitedStates,Deaths,0,0
5/1/2014,40,Spain,Cases,0,0
5/1/2014,40,Spain,Deaths,0,0
5/1/2014,40,Mali,Cases,0,0
5/1/2014,40,Mali,Deaths,0,0
5/3/2014,42,Guinea,Cases,5,231
5/3/2014,42,Guinea,Deaths,6,155
5/3/2014,42,Liberia,Cases,0,35
5/3/2014,42,Liberia,Deaths,0,13
5/3/2014,42,SierraLeone,Cases,0,12
5/3/2014,42,SierraLeone,Deaths,0,5
5/3/2014,42,Nigeria,Cases,0,0
5/3/2014,42,Nigeria,Deaths,0,0
5/3/2014,42,Senegal,Cases,0,0
5/3/2014,42,Senegal,Deaths,0,0
5/3/2014,42,UnitedStates,Cases,0,0
5/3/2014,42,UnitedStates,Deaths,0,0
5/3/2014,42,Spain,Cases,0,0
5/3/2014,42,Spain,Deaths,0,0
5/3/2014,42,Mali,Cases,0,0
5/3/2014,42,Mali,Deaths,0,0
5/5/2014,44,Guinea,Cases,4,235
5/5/2014,44,Guinea,Deaths,2,157
5/5/2014,44,Liberia,Cases,0,35
5/5/2014,44,Liberia,Deaths,0,13
5/5/2014,44,SierraLeone,Cases,0,12
5/5/2014,44,SierraLeone,Deaths,0,5
5/5/2014,44,Nigeria,Cases,0,0
5/5/2014,44,Nigeria,Deaths,0,0
5/5/2014,44,Senegal,Cases,0,0
5/5/2014,44,Senegal,Deaths,0,0
5/5/2014,44,UnitedStates,Cases,0,0
5/5/2014,44,UnitedStates,Deaths,0,0
5/5/2014,44,Spain,Cases,0,0
5/5/2014,44,Spain,Deaths,0,0
5/5/2014,44,Mali,Cases,0,0
5/5/2014,44,Mali,Deaths,0,0
5/7/2014,46,Guinea,Cases,1,236
5/7/2014,46,Guinea,Deaths,1,158
5/7/2014,46,Liberia,Cases,0,35
5/7/2014,46,Liberia,Deaths,0,13
5/7/2014,46,SierraLeone,Cases,0,12
5/7/2014,46,SierraLeone,Deaths,0,5
5/7/2014,46,Nigeria,Cases,0,0
5/7/2014,46,Nigeria,Deaths,0,0
5/7/2014,46,Senegal,Cases,0,0
5/7/2014,46,Senegal,Deaths,0,0
5/7/2014,46,UnitedStates,Cases,0,0
5/7/2014,46,UnitedStates,Deaths,0,0
5/7/2014,46,Spain,Cases,0,0
5/7/2014,46,Spain,Deaths,0,0
5/7/2014,46,Mali,Cases,0,0
5/7/2014,46,Mali,Deaths,0,0
5/10/2014,49,Guinea,Cases,0,236
5/10/2014,49,Guinea,Deaths,0,158
5/10/2014,49,Liberia,Cases,0,35
5/10/2014,49,Liberia,Deaths,0,13
5/10/2014,49,SierraLeone,Cases,0,12
5/10/2014,49,SierraLeone,Deaths,0,5
5/10/2014,49,Nigeria,Cases,0,0
5/10/2014,49,Nigeria,Deaths,0,0
5/10/2014,49,Senegal,Cases,0,0
5/10/2014,49,Senegal,Deaths,0,0
5/10/2014,49,UnitedStates,Cases,0,0
5/10/2014,49,UnitedStates,Deaths,0,0
5/10/2014,49,Spain,Cases,0,0
5/10/2014,49,Spain,Deaths,0,0
5/10/2014,49,Mali,Cases,0,0
5/10/2014,49,Mali,Deaths,0,0
5/12/2014,51,Guinea,Cases,12,248
5/12/2014,51,Guinea,Deaths,13,171
5/12/2014,51,Liberia,Cases,0,35
5/12/2014,51,Liberia,Deaths,0,13
5/12/2014,51,SierraLeone,Cases,0,12
5/12/2014,51,SierraLeone,Deaths,0,5
5/12/2014,51,Nigeria,Cases,0,0
5/12/2014,51,Nigeria,Deaths,0,0
5/12/2014,51,Senegal,Cases,0,0
5/12/2014,51,Senegal,Deaths,0,0
5/12/2014,51,UnitedStates,Cases,0,0
5/12/2014,51,UnitedStates,Deaths,0,0
5/12/2014,51,Spain,Cases,0,0
5/12/2014,51,Spain,Deaths,0,0
5/12/2014,51,Mali,Cases,0,0
5/12/2014,51,Mali,Deaths,0,0
5/23/2014,62,Guinea,Cases,10,258
5/23/2014,62,Guinea,Deaths,3,174
5/23/2014,62,Liberia,Cases,0,35
5/23/2014,62,Liberia,Deaths,0,13
5/23/2014,62,SierraLeone,Cases,0,12
5/23/2014,62,SierraLeone,Deaths,0,5
5/23/2014,62,Nigeria,Cases,0,0
5/23/2014,62,Nigeria,Deaths,0,0
5/23/2014,62,Senegal,Cases,0,0
5/23/2014,62,Senegal,Deaths,0,0
5/23/2014,62,UnitedStates,Cases,0,0
5/23/2014,62,UnitedStates,Deaths,0,0
5/23/2014,62,Spain,Cases,0,0
5/23/2014,62,Spain,Deaths,0,0
5/23/2014,62,Mali,Cases,0,0
5/23/2014,62,Mali,Deaths,0,0
5/27/2014,66,Guinea,Cases,23,281
5/27/2014,66,Guinea,Deaths,12,186
5/27/2014,66,Liberia,Cases,0,35
5/27/2014,66,Liberia,Deaths,0,13
5/27/2014,66,SierraLeone,Cases,4,16
5/27/2014,66,SierraLeone,Deaths,0,5
5/27/2014,66,Nigeria,Cases,0,0
5/27/2014,66,Nigeria,Deaths,0,0
5/27/2014,66,Senegal,Cases,0,0
5/27/2014,66,Senegal,Deaths,0,0
5/27/2014,66,UnitedStates,Cases,0,0
5/27/2014,66,UnitedStates,Deaths,0,0
5/27/2014,66,Spain,Cases,0,0
5/27/2014,66,Spain,Deaths,0,0
5/27/2014,66,Mali,Cases,0,0
5/27/2014,66,Mali,Deaths,0,0
5/28/2014,67,Guinea,Cases,10,291
5/28/2014,67,Guinea,Deaths,7,193
5/28/2014,67,Liberia,Cases,0,35
5/28/2014,67,Liberia,Deaths,0,13
5/28/2014,67,SierraLeone,Cases,34,50
5/28/2014,67,SierraLeone,Deaths,1,6
5/28/2014,67,Nigeria,Cases,0,0
5/28/2014,67,Nigeria,Deaths,0,0
5/28/2014,67,Senegal,Cases,0,0
5/28/2014,67,Senegal,Deaths,0,0
5/28/2014,67,UnitedStates,Cases,0,0
5/28/2014,67,UnitedStates,Deaths,0,0
5/28/2014,67,Spain,Cases,0,0
5/28/2014,67,Spain,Deaths,0,0
5/28/2014,67,Mali,Cases,0,0
5/28/2014,67,Mali,Deaths,0,0
6/1/2014,71,Guinea,Cases,37,328
6/1/2014,71,Guinea,Deaths,15,208
6/1/2014,71,Liberia,Cases,0,35
6/1/2014,71,Liberia,Deaths,0,13
6/1/2014,71,SierraLeone,Cases,29,79
6/1/2014,71,SierraLeone,Deaths,0,6
6/1/2014,71,Nigeria,Cases,0,0
6/1/2014,71,Nigeria,Deaths,0,0
6/1/2014,71,Senegal,Cases,0,0
6/1/2014,71,Senegal,Deaths,0,0
6/1/2014,71,UnitedStates,Cases,0,0
6/1/2014,71,UnitedStates,Deaths,0,0
6/1/2014,71,Spain,Cases,0,0
6/1/2014,71,Spain,Deaths,0,0
6/1/2014,71,Mali,Cases,0,0
6/1/2014,71,Mali,Deaths,0,0
6/3/2014,73,Guinea,Cases,16,344
6/3/2014,73,Guinea,Deaths,7,215
6/3/2014,73,Liberia,Cases,0,35
6/3/2014,73,Liberia,Deaths,0,13
6/3/2014,73,SierraLeone,Cases,0,79
6/3/2014,73,SierraLeone,Deaths,0,6
6/3/2014,73,Nigeria,Cases,0,0
6/3/2014,73,Nigeria,Deaths,0,0
6/3/2014,73,Senegal,Cases,0,0
6/3/2014,73,Senegal,Deaths,0,0
6/3/2014,73,UnitedStates,Cases,0,0
6/3/2014,73,UnitedStates,Deaths,0,0
6/3/2014,73,Spain,Cases,0,0
6/3/2014,73,Spain,Deaths,0,0
6/3/2014,73,Mali,Cases,0,0
6/3/2014,73,Mali,Deaths,0,0
6/5/2014,75,Guinea,Cases,0,344
6/5/2014,75,Guinea,Deaths,0,215
6/5/2014,75,Liberia,Cases,0,35
6/5/2014,75,Liberia,Deaths,0,13
6/5/2014,75,SierraLeone,Cases,2,81
6/5/2014,75,SierraLeone,Deaths,0,6
6/5/2014,75,Nigeria,Cases,0,0
6/5/2014,75,Nigeria,Deaths,0,0
6/5/2014,75,Senegal,Cases,0,0
6/5/2014,75,Senegal,Deaths,0,0
6/5/2014,75,UnitedStates,Cases,0,0
6/5/2014,75,UnitedStates,Deaths,0,0
6/5/2014,75,Spain,Cases,0,0
6/5/2014,75,Spain,Deaths,0,0
6/5/2014,75,Mali,Cases,0,0
6/5/2014,75,Mali,Deaths,0,0
6/10/2014,80,Guinea,Cases,7,351
6/10/2014,80,Guinea,Deaths,11,226
6/10/2014,80,Liberia,Cases,0,35
6/10/2014,80,Liberia,Deaths,11,24
6/10/2014,80,SierraLeone,Cases,8,89
6/10/2014,80,SierraLeone,Deaths,1,7
6/10/2014,80,Nigeria,Cases,0,0
6/10/2014,80,Nigeria,Deaths,0,0
6/10/2014,80,Senegal,Cases,0,0
6/10/2014,80,Senegal,Deaths,0,0
6/10/2014,80,UnitedStates,Cases,0,0
6/10/2014,80,UnitedStates,Deaths,0,0
6/10/2014,80,Spain,Cases,0,0
6/10/2014,80,Spain,Deaths,0,0
6/10/2014,80,Mali,Cases,0,0
6/10/2014,80,Mali,Deaths,0,0
6/16/2014,86,Guinea,Cases,47,398
6/16/2014,86,Guinea,Deaths,38,264
6/16/2014,86,Liberia,Cases,0,35
6/16/2014,86,Liberia,Deaths,0,24
6/16/2014,86,SierraLeone,Cases,0,89
6/16/2014,86,SierraLeone,Deaths,0,7
6/16/2014,86,Nigeria,Cases,0,0
6/16/2014,86,Nigeria,Deaths,0,0
6/16/2014,86,Senegal,Cases,0,0
6/16/2014,86,Senegal,Deaths,0,0
6/16/2014,86,UnitedStates,Cases,0,0
6/16/2014,86,UnitedStates,Deaths,0,0
6/16/2014,86,Spain,Cases,0,0
6/16/2014,86,Spain,Deaths,0,0
6/16/2014,86,Mali,Cases,0,0
6/16/2014,86,Mali,Deaths,0,0
6/17/2014,87,Guinea,Cases,0,398
6/17/2014,87,Guinea,Deaths,0,264
6/17/2014,87,Liberia,Cases,0,35
6/17/2014,87,Liberia,Deaths,0,24
6/17/2014,87,SierraLeone,Cases,8,97
6/17/2014,87,SierraLeone,Deaths,42,49
6/17/2014,87,Nigeria,Cases,0,0
6/17/2014,87,Nigeria,Deaths,0,0
6/17/2014,87,Senegal,Cases,0,0
6/17/2014,87,Senegal,Deaths,0,0
6/17/2014,87,UnitedStates,Cases,0,0
6/17/2014,87,UnitedStates,Deaths,0,0
6/17/2014,87,Spain,Cases,0,0
6/17/2014,87,Spain,Deaths,0,0
6/17/2014,87,Mali,Cases,0,0
6/17/2014,87,Mali,Deaths,0,0
6/18/2014,88,Guinea,Cases,0,398
6/18/2014,88,Guinea,Deaths,3,267
6/18/2014,88,Liberia,Cases,0,35
6/18/2014,88,Liberia,Deaths,0,24
6/18/2014,88,SierraLeone,Cases,39,136
6/18/2014,88,SierraLeone,Deaths,0,49
6/18/2014,88,Nigeria,Cases,0,0
6/18/2014,88,Nigeria,Deaths,0,0
6/18/2014,88,Senegal,Cases,0,0
6/18/2014,88,Senegal,Deaths,0,0
6/18/2014,88,UnitedStates,Cases,0,0
6/18/2014,88,UnitedStates,Deaths,0,0
6/18/2014,88,Spain,Cases,0,0
6/18/2014,88,Spain,Deaths,0,0
6/18/2014,88,Mali,Cases,0,0
6/18/2014,88,Mali,Deaths,0,0
6/19/2014,89,Guinea,Cases,0,398
6/19/2014,89,Guinea,Deaths,0,267
6/19/2014,89,Liberia,Cases,6,41
6/19/2014,89,Liberia,Deaths,1,25
6/19/2014,89,SierraLeone,Cases,0,136
6/19/2014,89,SierraLeone,Deaths,0,49
6/19/2014,89,Nigeria,Cases,0,0
6/19/2014,89,Nigeria,Deaths,0,0
6/19/2014,89,Senegal,Cases,0,0
6/19/2014,89,Senegal,Deaths,0,0
6/19/2014,89,UnitedStates,Cases,0,0
6/19/2014,89,UnitedStates,Deaths,0,0
6/19/2014,89,Spain,Cases,0,0
6/19/2014,89,Spain,Deaths,0,0
6/19/2014,89,Mali,Cases,0,0
6/19/2014,89,Mali,Deaths,0,0
6/20/2014,90,Guinea,Cases,0,398
6/20/2014,90,Guinea,Deaths,3,270
6/20/2014,90,Liberia,Cases,0,41
6/20/2014,90,Liberia,Deaths,0,25
6/20/2014,90,SierraLeone,Cases,22,158
6/20/2014,90,SierraLeone,Deaths,0,49
6/20/2014,90,Nigeria,Cases,0,0
6/20/2014,90,Nigeria,Deaths,0,0
6/20/2014,90,Senegal,Cases,0,0
6/20/2014,90,Senegal,Deaths,0,0
6/20/2014,90,UnitedStates,Cases,0,0
6/20/2014,90,UnitedStates,Deaths,0,0
6/20/2014,90,Spain,Cases,0,0
6/20/2014,90,Spain,Deaths,0,0
6/20/2014,90,Mali,Cases,0,0
6/20/2014,90,Mali,Deaths,0,0
6/22/2014,92,Guinea,Cases,0,398
6/22/2014,92,Guinea,Deaths,0,270
6/22/2014,92,Liberia,Cases,10,51
6/22/2014,92,Liberia,Deaths,9,34
6/22/2014,92,SierraLeone,Cases,0,158
6/22/2014,92,SierraLeone,Deaths,0,49
6/22/2014,92,Nigeria,Cases,0,0
6/22/2014,92,Nigeria,Deaths,0,0
6/22/2014,92,Senegal,Cases,0,0
6/22/2014,92,Senegal,Deaths,0,0
6/22/2014,92,UnitedStates,Cases,0,0
6/22/2014,92,UnitedStates,Deaths,0,0
6/22/2014,92,Spain,Cases,0,0
6/22/2014,92,Spain,Deaths,0,0
6/22/2014,92,Mali,Cases,0,0
6/22/2014,92,Mali,Deaths,0,0
6/30/2014,100,Guinea,Cases,15,413
6/30/2014,100,Guinea,Deaths,33,303
6/30/2014,100,Liberia,Cases,56,107
6/30/2014,100,Liberia,Deaths,31,65
6/30/2014,100,SierraLeone,Cases,81,239
6/30/2014,100,SierraLeone,Deaths,50,99
6/30/2014,100,Nigeria,Cases,0,0
6/30/2014,100,Nigeria,Deaths,0,0
6/30/2014,100,Senegal,Cases,0,0
6/30/2014,100,Senegal,Deaths,0,0
6/30/2014,100,UnitedStates,Cases,0,0
6/30/2014,100,UnitedStates,Deaths,0,0
6/30/2014,100,Spain,Cases,0,0
6/30/2014,100,Spain,Deaths,0,0
6/30/2014,100,Mali,Cases,0,0
6/30/2014,100,Mali,Deaths,0,0
7/2/2014,102,Guinea,Cases,0,413
7/2/2014,102,Guinea,Deaths,2,305
7/2/2014,102,Liberia,Cases,8,115
7/2/2014,102,Liberia,Deaths,10,75
7/2/2014,102,SierraLeone,Cases,13,252
7/2/2014,102,SierraLeone,Deaths,2,101
7/2/2014,102,Nigeria,Cases,0,0
7/2/2014,102,Nigeria,Deaths,0,0
7/2/2014,102,Senegal,Cases,0,0
7/2/2014,102,Senegal,Deaths,0,0
7/2/2014,102,UnitedStates,Cases,0,0
7/2/2014,102,UnitedStates,Deaths,0,0
7/2/2014,102,Spain,Cases,0,0
7/2/2014,102,Spain,Deaths,0,0
7/2/2014,102,Mali,Cases,0,0
7/2/2014,102,Mali,Deaths,0,0
7/6/2014,106,Guinea,Cases,0,413
7/6/2014,106,Guinea,Deaths,2,307
7/6/2014,106,Liberia,Cases,16,131
7/6/2014,106,Liberia,Deaths,9,84
7/6/2014,106,SierraLeone,Cases,53,305
7/6/2014,106,SierraLeone,Deaths,26,127
7/6/2014,106,Nigeria,Cases,0,0
7/6/2014,106,Nigeria,Deaths,0,0
7/6/2014,106,Senegal,Cases,0,0
7/6/2014,106,Senegal,Deaths,0,0
7/6/2014,106,UnitedStates,Cases,0,0
7/6/2014,106,UnitedStates,Deaths,0,0
7/6/2014,106,Spain,Cases,0,0
7/6/2014,106,Spain,Deaths,0,0
7/6/2014,106,Mali,Cases,0,0
7/6/2014,106,Mali,Deaths,0,0
7/8/2014,108,Guinea,Cases,0,413
7/8/2014,108,Guinea,Deaths,2,309
7/8/2014,108,Liberia,Cases,11,142
7/8/2014,108,Liberia,Deaths,4,88
7/8/2014,108,SierraLeone,Cases,32,337
7/8/2014,108,SierraLeone,Deaths,15,142
7/8/2014,108,Nigeria,Cases,0,0
7/8/2014,108,Nigeria,Deaths,0,0
7/8/2014,108,Senegal,Cases,0,0
7/8/2014,108,Senegal,Deaths,0,0
7/8/2014,108,UnitedStates,Cases,0,0
7/8/2014,108,UnitedStates,Deaths,0,0
7/8/2014,108,Spain,Cases,0,0
7/8/2014,108,Spain,Deaths,0,0
7/8/2014,108,Mali,Cases,0,0
7/8/2014,108,Mali,Deaths,0,0
7/12/2014,112,Guinea,Cases,0,413
7/12/2014,112,Guinea,Deaths,0,309
7/12/2014,112,Liberia,Cases,30,172
7/12/2014,112,Liberia,Deaths,17,105
7/12/2014,112,SierraLeone,Cases,49,386
7/12/2014,112,SierraLeone,Deaths,52,194
7/12/2014,112,Nigeria,Cases,0,0
7/12/2014,112,Nigeria,Deaths,0,0
7/12/2014,112,Senegal,Cases,0,0
7/12/2014,112,Senegal,Deaths,0,0
7/12/2014,112,UnitedStates,Cases,0,0
7/12/2014,112,UnitedStates,Deaths,0,0
7/12/2014,112,Spain,Cases,0,0
7/12/2014,112,Spain,Deaths,0,0
7/12/2014,112,Mali,Cases,0,0
7/12/2014,112,Mali,Deaths,0,0
7/14/2014,114,Guinea,Cases,0,413
7/14/2014,114,Guinea,Deaths,1,310
7/14/2014,114,Liberia,Cases,2,174
7/14/2014,114,Liberia,Deaths,1,106
7/14/2014,114,SierraLeone,Cases,11,397
7/14/2014,114,SierraLeone,Deaths,3,197
7/14/2014,114,Nigeria,Cases,0,0
7/14/2014,114,Nigeria,Deaths,0,0
7/14/2014,114,Senegal,Cases,0,0
7/14/2014,114,Senegal,Deaths,0,0
7/14/2014,114,UnitedStates,Cases,0,0
7/14/2014,114,UnitedStates,Deaths,0,0
7/14/2014,114,Spain,Cases,0,0
7/14/2014,114,Spain,Deaths,0,0
7/14/2014,114,Mali,Cases,0,0
7/14/2014,114,Mali,Deaths,0,0
7/17/2014,117,Guinea,Cases,0,413
7/17/2014,117,Guinea,Deaths,0,310
7/17/2014,117,Liberia,Cases,22,196
7/17/2014,117,Liberia,Deaths,10,116
7/17/2014,117,SierraLeone,Cases,45,442
7/17/2014,117,SierraLeone,Deaths,9,206
7/17/2014,117,Nigeria,Cases,0,0
7/17/2014,117,Nigeria,Deaths,0,0
7/17/2014,117,Senegal,Cases,0,0
7/17/2014,117,Senegal,Deaths,0,0
7/17/2014,117,UnitedStates,Cases,0,0
7/17/2014,117,UnitedStates,Deaths,0,0
7/17/2014,117,Spain,Cases,0,0
7/17/2014,117,Spain,Deaths,0,0
7/17/2014,117,Mali,Cases,0,0
7/17/2014,117,Mali,Deaths,0,0
7/20/2014,120,Guinea,Cases,2,415
7/20/2014,120,Guinea,Deaths,4,314
7/20/2014,120,Liberia,Cases,28,224
7/20/2014,120,Liberia,Deaths,11,127
7/20/2014,120,SierraLeone,Cases,12,454
7/20/2014,120,SierraLeone,Deaths,13,219
7/20/2014,120,Nigeria,Cases,0,0
7/20/2014,120,Nigeria,Deaths,0,0
7/20/2014,120,Senegal,Cases,0,0
7/20/2014,120,Senegal,Deaths,0,0
7/20/2014,120,UnitedStates,Cases,0,0
7/20/2014,120,UnitedStates,Deaths,0,0
7/20/2014,120,Spain,Cases,0,0
7/20/2014,120,Spain,Deaths,0,0
7/20/2014,120,Mali,Cases,0,0
7/20/2014,120,Mali,Deaths,0,0
7/23/2014,123,Guinea,Cases,12,427
7/23/2014,123,Guinea,Deaths,5,319
7/23/2014,123,Liberia,Cases,25,249
7/23/2014,123,Liberia,Deaths,2,129
7/23/2014,123,SierraLeone,Cases,71,525
7/23/2014,123,SierraLeone,Deaths,5,224
7/23/2014,123,Nigeria,Cases,0,0
7/23/2014,123,Nigeria,Deaths,0,0
7/23/2014,123,Senegal,Cases,0,0
7/23/2014,123,Senegal,Deaths,0,0
7/23/2014,123,UnitedStates,Cases,0,0
7/23/2014,123,UnitedStates,Deaths,0,0
7/23/2014,123,Spain,Cases,0,0
7/23/2014,123,Spain,Deaths,0,0
7/23/2014,123,Mali,Cases,0,0
7/23/2014,123,Mali,Deaths,0,0
7/27/2014,126,Guinea,Cases,33,460
7/27/2014,126,Guinea,Deaths,20,339
7/27/2014,126,Liberia,Cases,80,329
7/27/2014,126,Liberia,Deaths,27,156
7/27/2014,126,SierraLeone,Cases,8,533
7/27/2014,126,SierraLeone,Deaths,9,233
7/27/2014,126,Nigeria,Cases,1,1
7/27/2014,126,Nigeria,Deaths,1,1
7/27/2014,126,Senegal,Cases,0,0
7/27/2014,126,Senegal,Deaths,0,0
7/27/2014,126,UnitedStates,Cases,0,0
7/27/2014,126,UnitedStates,Deaths,0,0
7/27/2014,126,Spain,Cases,0,0
7/27/2014,126,Spain,Deaths,0,0
7/27/2014,126,Mali,Cases,0,0
7/27/2014,126,Mali,Deaths,0,0
7/30/2014,129,Guinea,Cases,12,472
7/30/2014,129,Guinea,Deaths,7,346
7/30/2014,129,Liberia,Cases,62,391
7/30/2014,129,Liberia,Deaths,71,227
7/30/2014,129,SierraLeone,Cases,41,574
7/30/2014,129,SierraLeone,Deaths,19,252
7/30/2014,129,Nigeria,Cases,2,3
7/30/2014,129,Nigeria,Deaths,0,1
7/30/2014,129,Senegal,Cases,0,0
7/30/2014,129,Senegal,Deaths,0,0
7/30/2014,129,UnitedStates,Cases,0,0
7/30/2014,129,UnitedStates,Deaths,0,0
7/30/2014,129,Spain,Cases,0,0
7/30/2014,129,Spain,Deaths,0,0
7/30/2014,129,Mali,Cases,0,0
7/30/2014,129,Mali,Deaths,0,0
8/1/2014,132,Guinea,Cases,13,485
8/1/2014,132,Guinea,Deaths,12,358
8/1/2014,132,Liberia,Cases,77,468
8/1/2014,132,Liberia,Deaths,28,255
8/1/2014,132,SierraLeone,Cases,72,646
8/1/2014,132,SierraLeone,Deaths,21,273
8/1/2014,132,Nigeria,Cases,1,4
8/1/2014,132,Nigeria,Deaths,0,1
8/1/2014,132,Senegal,Cases,0,0
8/1/2014,132,Senegal,Deaths,0,0
8/1/2014,132,UnitedStates,Cases,0,0
8/1/2014,132,UnitedStates,Deaths,0,0
8/1/2014,132,Spain,Cases,0,0
8/1/2014,132,Spain,Deaths,0,0
8/1/2014,132,Mali,Cases,0,0
8/1/2014,132,Mali,Deaths,0,0
8/4/2014,135,Guinea,Cases,10,495
8/4/2014,135,Guinea,Deaths,5,363
8/4/2014,135,Liberia,Cases,48,516
8/4/2014,135,Liberia,Deaths,27,282
8/4/2014,135,SierraLeone,Cases,45,691
8/4/2014,135,SierraLeone,Deaths,13,286
8/4/2014,135,Nigeria,Cases,5,9
8/4/2014,135,Nigeria,Deaths,0,1
8/4/2014,135,Senegal,Cases,0,0
8/4/2014,135,Senegal,Deaths,0,0
8/4/2014,135,UnitedStates,Cases,0,0
8/4/2014,135,UnitedStates,Deaths,0,0
8/4/2014,135,Spain,Cases,0,0
8/4/2014,135,Spain,Deaths,0,0
8/4/2014,135,Mali,Cases,0,0
8/4/2014,135,Mali,Deaths,0,0
8/6/2014,137,Guinea,Cases,0,495
8/6/2014,137,Guinea,Deaths,4,367
8/6/2014,137,Liberia,Cases,38,554
8/6/2014,137,Liberia,Deaths,12,294
8/6/2014,137,SierraLeone,Cases,26,717
8/6/2014,137,SierraLeone,Deaths,12,298
8/6/2014,137,Nigeria,Cases,4,13
8/6/2014,137,Nigeria,Deaths,1,2
8/6/2014,137,Senegal,Cases,0,0
8/6/2014,137,Senegal,Deaths,0,0
8/6/2014,137,UnitedStates,Cases,0,0
8/6/2014,137,UnitedStates,Deaths,0,0
8/6/2014,137,Spain,Cases,0,0
8/6/2014,137,Spain,Deaths,0,0
8/6/2014,137,Mali,Cases,0,0
8/6/2014,137,Mali,Deaths,0,0
8/9/2014,140,Guinea,Cases,11,506
8/9/2014,140,Guinea,Deaths,6,373
8/9/2014,140,Liberia,Cases,45,599
8/9/2014,140,Liberia,Deaths,29,323
8/9/2014,140,SierraLeone,Cases,13,730
8/9/2014,140,SierraLeone,Deaths,17,315
8/9/2014,140,Nigeria,Cases,0,13
8/9/2014,140,Nigeria,Deaths,0,2
8/9/2014,140,Senegal,Cases,0,0
8/9/2014,140,Senegal,Deaths,0,0
8/9/2014,140,UnitedStates,Cases,0,0
8/9/2014,140,UnitedStates,Deaths,0,0
8/9/2014,140,Spain,Cases,0,0
8/9/2014,140,Spain,Deaths,0,0
8/9/2014,140,Mali,Cases,0,0
8/9/2014,140,Mali,Deaths,0,0
8/11/2014,142,Guinea,Cases,4,510
8/11/2014,142,Guinea,Deaths,4,377
8/11/2014,142,Liberia,Cases,71,670
8/11/2014,142,Liberia,Deaths,32,355
8/11/2014,142,SierraLeone,Cases,53,783
8/11/2014,142,SierraLeone,Deaths,19,334
8/11/2014,142,Nigeria,Cases,0,13
8/11/2014,142,Nigeria,Deaths,1,3
8/11/2014,142,Senegal,Cases,0,0
8/11/2014,142,Senegal,Deaths,0,0
8/11/2014,142,UnitedStates,Cases,0,0
8/11/2014,142,UnitedStates,Deaths,0,0
8/11/2014,142,Spain,Cases,0,0
8/11/2014,142,Spain,Deaths,0,0
8/11/2014,142,Mali,Cases,0,0
8/11/2014,142,Mali,Deaths,0,0
8/13/2014,144,Guinea,Cases,9,519
8/13/2014,144,Guinea,Deaths,3,380
8/13/2014,144,Liberia,Cases,116,786
8/13/2014,144,Liberia,Deaths,58,413
8/13/2014,144,SierraLeone,Cases,27,810
8/13/2014,144,SierraLeone,Deaths,14,348
8/13/2014,144,Nigeria,Cases,0,13
8/13/2014,144,Nigeria,Deaths,1,4
8/13/2014,144,Senegal,Cases,0,0
8/13/2014,144,Senegal,Deaths,0,0
8/13/2014,144,UnitedStates,Cases,0,0
8/13/2014,144,UnitedStates,Deaths,0,0
8/13/2014,144,Spain,Cases,0,0
8/13/2014,144,Spain,Deaths,0,0
8/13/2014,144,Mali,Cases,0,0
8/13/2014,144,Mali,Deaths,0,0
8/16/2014,147,Guinea,Cases,24,543
8/16/2014,147,Guinea,Deaths,14,394
8/16/2014,147,Liberia,Cases,48,834
8/16/2014,147,Liberia,Deaths,53,466
8/16/2014,147,SierraLeone,Cases,38,848
8/16/2014,147,SierraLeone,Deaths,17,365
8/16/2014,147,Nigeria,Cases,2,15
8/16/2014,147,Nigeria,Deaths,0,4
8/16/2014,147,Senegal,Cases,0,0
8/16/2014,147,Senegal,Deaths,0,0
8/16/2014,147,UnitedStates,Cases,0,0
8/16/2014,147,UnitedStates,Deaths,0,0
8/16/2014,147,Spain,Cases,0,0
8/16/2014,147,Spain,Deaths,0,0
8/16/2014,147,Mali,Cases,0,0
8/16/2014,147,Mali,Deaths,0,0
8/18/2014,149,Guinea,Cases,36,579
8/18/2014,149,Guinea,Deaths,2,396
8/18/2014,149,Liberia,Cases,138,972
8/18/2014,149,Liberia,Deaths,110,576
8/18/2014,149,SierraLeone,Cases,59,907
8/18/2014,149,SierraLeone,Deaths,9,374
8/18/2014,149,Nigeria,Cases,0,15
8/18/2014,149,Nigeria,Deaths,0,4
8/18/2014,149,Senegal,Cases,0,0
8/18/2014,149,Senegal,Deaths,0,0
8/18/2014,149,UnitedStates,Cases,0,0
8/18/2014,149,UnitedStates,Deaths,0,0
8/18/2014,149,Spain,Cases,0,0
8/18/2014,149,Spain,Deaths,0,0
8/18/2014,149,Mali,Cases,0,0
8/18/2014,149,Mali,Deaths,0,0
8/20/2014,151,Guinea,Cases,28,607
8/20/2014,151,Guinea,Deaths,10,406
8/20/2014,151,Liberia,Cases,110,1082
8/20/2014,151,Liberia,Deaths,48,624
8/20/2014,151,SierraLeone,Cases,3,910
8/20/2014,151,SierraLeone,Deaths,18,392
8/20/2014,151,Nigeria,Cases,1,16
8/20/2014,151,Nigeria,Deaths,1,5
8/20/2014,151,Senegal,Cases,0,0
8/20/2014,151,Senegal,Deaths,0,0
8/20/2014,151,UnitedStates,Cases,0,0
8/20/2014,151,UnitedStates,Deaths,0,0
8/20/2014,151,Spain,Cases,0,0
8/20/2014,151,Spain,Deaths,0,0
8/20/2014,151,Mali,Cases,0,0
8/20/2014,151,Mali,Deaths,0,0
8/26/2014,157,Guinea,Cases,41,648
8/26/2014,157,Guinea,Deaths,24,430
8/26/2014,157,Liberia,Cases,296,1378
8/26/2014,157,Liberia,Deaths,70,694
8/26/2014,157,SierraLeone,Cases,116,1026
8/26/2014,157,SierraLeone,Deaths,30,422
8/26/2014,157,Nigeria,Cases,1,17
8/26/2014,157,Nigeria,Deaths,1,6
8/26/2014,157,Senegal,Cases,0,0
8/26/2014,157,Senegal,Deaths,0,0
8/26/2014,157,UnitedStates,Cases,0,0
8/26/2014,157,UnitedStates,Deaths,0,0
8/26/2014,157,Spain,Cases,0,0
8/26/2014,157,Spain,Deaths,0,0
8/26/2014,157,Mali,Cases,0,0
8/26/2014,157,Mali,Deaths,0,0
8/31/2014,162,Guinea,Cases,123,771
8/31/2014,162,Guinea,Deaths,64,494
8/31/2014,162,Liberia,Cases,320,1698
8/31/2014,162,Liberia,Deaths,177,871
8/31/2014,162,SierraLeone,Cases,190,1216
8/31/2014,162,SierraLeone,Deaths,54,476
8/31/2014,162,Nigeria,Cases,4,21
8/31/2014,162,Nigeria,Deaths,1,7
8/31/2014,162,Senegal,Cases,1,1
8/31/2014,162,Senegal,Deaths,0,0
8/31/2014,162,UnitedStates,Cases,0,0
8/31/2014,162,UnitedStates,Deaths,0,0
8/31/2014,162,Spain,Cases,0,0
8/31/2014,162,Spain,Deaths,0,0
8/31/2014,162,Mali,Cases,0,0
8/31/2014,162,Mali,Deaths,0,0
9/5/2014,167,Guinea,Cases,41,812
9/5/2014,167,Guinea,Deaths,23,517
9/5/2014,167,Liberia,Cases,173,1871
9/5/2014,167,Liberia,Deaths,218,1089
9/5/2014,167,SierraLeone,Cases,45,1261
9/5/2014,167,SierraLeone,Deaths,15,491
9/5/2014,167,Nigeria,Cases,1,22
9/5/2014,167,Nigeria,Deaths,1,8
9/5/2014,167,Senegal,Cases,0,1
9/5/2014,167,Senegal,Deaths,0,0
9/5/2014,167,UnitedStates,Cases,0,0
9/5/2014,167,UnitedStates,Deaths,0,0
9/5/2014,167,Spain,Cases,0,0
9/5/2014,167,Spain,Deaths,0,0
9/5/2014,167,Mali,Cases,0,0
9/5/2014,167,Mali,Deaths,0,0
9/7/2014,169,Guinea,Cases,49,861
9/7/2014,169,Guinea,Deaths,40,557
9/7/2014,169,Liberia,Cases,210,2081
9/7/2014,169,Liberia,Deaths,48,1137
9/7/2014,169,SierraLeone,Cases,163,1424
9/7/2014,169,SierraLeone,Deaths,33,524
9/7/2014,169,Nigeria,Cases,0,22
9/7/2014,169,Nigeria,Deaths,0,8
9/7/2014,169,Senegal,Cases,2,3
9/7/2014,169,Senegal,Deaths,0,0
9/7/2014,169,UnitedStates,Cases,0,0
9/7/2014,169,UnitedStates,Deaths,0,0
9/7/2014,169,Spain,Cases,0,0
9/7/2014,169,Spain,Deaths,0,0
9/7/2014,169,Mali,Cases,0,0
9/7/2014,169,Mali,Deaths,0,0
9/9/2014,171,Guinea,Cases,0,861
9/9/2014,171,Guinea,Deaths,0,557
9/9/2014,171,Liberia,Cases,326,2407
9/9/2014,171,Liberia,Deaths,0,1137
9/9/2014,171,SierraLeone,Cases,0,1424
9/9/2014,171,SierraLeone,Deaths,0,524
9/9/2014,171,Nigeria,Cases,0,22
9/9/2014,171,Nigeria,Deaths,0,8
9/9/2014,171,Senegal,Cases,0,3
9/9/2014,171,Senegal,Deaths,0,0
9/9/2014,171,UnitedStates,Cases,0,0
9/9/2014,171,UnitedStates,Deaths,0,0
9/9/2014,171,Spain,Cases,0,0
9/9/2014,171,Spain,Deaths,0,0
9/9/2014,171,Mali,Cases,0,0
9/9/2014,171,Mali,Deaths,0,0
9/10/2014,172,Guinea,Cases,38,899
9/10/2014,172,Guinea,Deaths,11,568
9/10/2014,172,Liberia,Cases,0,2407
9/10/2014,172,Liberia,Deaths,0,1137
9/10/2014,172,SierraLeone,Cases,54,1478
9/10/2014,172,SierraLeone,Deaths,12,536
9/10/2014,172,Nigeria,Cases,0,22
9/10/2014,172,Nigeria,Deaths,0,8
9/10/2014,172,Senegal,Cases,0,3
9/10/2014,172,Senegal,Deaths,0,0
9/10/2014,172,UnitedStates,Cases,0,0
9/10/2014,172,UnitedStates,Deaths,0,0
9/10/2014,172,Spain,Cases,0,0
9/10/2014,172,Spain,Deaths,0,0
9/10/2014,172,Mali,Cases,0,0
9/10/2014,172,Mali,Deaths,0,0
9/13/2014,175,Guinea,Cases,37,936
9/13/2014,175,Guinea,Deaths,27,595
9/13/2014,175,Liberia,Cases,0,2407
9/13/2014,175,Liberia,Deaths,159,1296
9/13/2014,175,SierraLeone,Cases,142,1620
9/13/2014,175,SierraLeone,Deaths,26,562
9/13/2014,175,Nigeria,Cases,0,22
9/13/2014,175,Nigeria,Deaths,0,8
9/13/2014,175,Senegal,Cases,0,3
9/13/2014,175,Senegal,Deaths,0,0
9/13/2014,175,UnitedStates,Cases,0,0
9/13/2014,175,UnitedStates,Deaths,0,0
9/13/2014,175,Spain,Cases,0,0
9/13/2014,175,Spain,Deaths,0,0
9/13/2014,175,Mali,Cases,0,0
9/13/2014,175,Mali,Deaths,0,0
9/14/2014,176,Guinea,Cases,6,942
9/14/2014,176,Guinea,Deaths,6,601
9/14/2014,176,Liberia,Cases,303,2710
9/14/2014,176,Liberia,Deaths,163,1459
9/14/2014,176,SierraLeone,Cases,53,1673
9/14/2014,176,SierraLeone,Deaths,0,562
9/14/2014,176,Nigeria,Cases,0,22
9/14/2014,176,Nigeria,Deaths,0,8
9/14/2014,176,Senegal,Cases,0,3
9/14/2014,176,Senegal,Deaths,0,0
9/14/2014,176,UnitedStates,Cases,0,0
9/14/2014,176,UnitedStates,Deaths,0,0
9/14/2014,176,Spain,Cases,0,0
9/14/2014,176,Spain,Deaths,0,0
9/14/2014,176,Mali,Cases,0,0
9/14/2014,176,Mali,Deaths,0,0
9/17/2014,179,Guinea,Cases,0,942
9/17/2014,179,Guinea,Deaths,0,601
9/17/2014,179,Liberia,Cases,312,3022
9/17/2014,179,Liberia,Deaths,119,1578
9/17/2014,179,SierraLeone,Cases,0,1673
9/17/2014,179,SierraLeone,Deaths,0,562
9/17/2014,179,Nigeria,Cases,0,22
9/17/2014,179,Nigeria,Deaths,0,8
9/17/2014,179,Senegal,Cases,0,3
9/17/2014,179,Senegal,Deaths,0,0
9/17/2014,179,UnitedStates,Cases,0,0
9/17/2014,179,UnitedStates,Deaths,0,0
9/17/2014,179,Spain,Cases,0,0
9/17/2014,179,Spain,Deaths,0,0
9/17/2014,179,Mali,Cases,0,0
9/17/2014,179,Mali,Deaths,0,0
9/19/2014,181,Guinea,Cases,66,1008
9/19/2014,181,Guinea,Deaths,31,632
9/19/2014,181,Liberia,Cases,0,3022
9/19/2014,181,Liberia,Deaths,0,1578
9/19/2014,181,SierraLeone,Cases,0,1673
9/19/2014,181,SierraLeone,Deaths,0,562
9/19/2014,181,Nigeria,Cases,0,22
9/19/2014,181,Nigeria,Deaths,0,8
9/19/2014,181,Senegal,Cases,0,3
9/19/2014,181,Senegal,Deaths,0,0
9/19/2014,181,UnitedStates,Cases,0,0
9/19/2014,181,UnitedStates,Deaths,0,0
9/19/2014,181,Spain,Cases,0,0
9/19/2014,181,Spain,Deaths,0,0
9/19/2014,181,Mali,Cases,0,0
9/19/2014,181,Mali,Deaths,0,0
9/20/2014,182,Guinea,Cases,0,1008
9/20/2014,182,Guinea,Deaths,0,632
9/20/2014,182,Liberia,Cases,0,3022
9/20/2014,182,Liberia,Deaths,0,1578
9/20/2014,182,SierraLeone,Cases,140,1813
9/20/2014,182,SierraLeone,Deaths,31,593
9/20/2014,182,Nigeria,Cases,0,22
9/20/2014,182,Nigeria,Deaths,0,8
9/20/2014,182,Senegal,Cases,0,3
9/20/2014,182,Senegal,Deaths,0,0
9/20/2014,182,UnitedStates,Cases,0,0
9/20/2014,182,UnitedStates,Deaths,0,0
9/20/2014,182,Spain,Cases,0,0
9/20/2014,182,Spain,Deaths,0,0
9/20/2014,182,Mali,Cases,0,0
9/20/2014,182,Mali,Deaths,0,0
9/21/2014,183,Guinea,Cases,14,1022
9/21/2014,183,Guinea,Deaths,3,635
9/21/2014,183,Liberia,Cases,258,3280
9/21/2014,183,Liberia,Deaths,99,1677
9/21/2014,183,SierraLeone,Cases,127,1940
9/21/2014,183,SierraLeone,Deaths,4,597
9/21/2014,183,Nigeria,Cases,0,22
9/21/2014,183,Nigeria,Deaths,0,8
9/21/2014,183,Senegal,Cases,0,3
9/21/2014,183,Senegal,Deaths,0,0
9/21/2014,183,UnitedStates,Cases,0,0
9/21/2014,183,UnitedStates,Deaths,0,0
9/21/2014,183,Spain,Cases,0,0
9/21/2014,183,Spain,Deaths,0,0
9/21/2014,183,Mali,Cases,0,0
9/21/2014,183,Mali,Deaths,0,0
9/23/2014,185,Guinea,Cases,52,1074
9/23/2014,185,Guinea,Deaths,13,648
9/23/2014,185,Liberia,Cases,178,3458
9/23/2014,185,Liberia,Deaths,153,1830
9/23/2014,185,SierraLeone,Cases,81,2021
9/23/2014,185,SierraLeone,Deaths,8,605
9/23/2014,185,Nigeria,Cases,0,22
9/23/2014,185,Nigeria,Deaths,0,8
9/23/2014,185,Senegal,Cases,0,3
9/23/2014,185,Senegal,Deaths,0,0
9/23/2014,185,UnitedStates,Cases,0,0
9/23/2014,185,UnitedStates,Deaths,0,0
9/23/2014,185,Spain,Cases,0,0
9/23/2014,185,Spain,Deaths,0,0
9/23/2014,185,Mali,Cases,0,0
9/23/2014,185,Mali,Deaths,0,0
9/28/2014,190,Guinea,Cases,83,1157
9/28/2014,190,Guinea,Deaths,62,710
9/28/2014,190,Liberia,Cases,238,3696
9/28/2014,190,Liberia,Deaths,168,1998
9/28/2014,190,SierraLeone,Cases,283,2304
9/28/2014,190,SierraLeone,Deaths,17,622
9/28/2014,190,Nigeria,Cases,0,22
9/28/2014,190,Nigeria,Deaths,0,8
9/28/2014,190,Senegal,Cases,0,3
9/28/2014,190,Senegal,Deaths,0,0
9/28/2014,190,UnitedStates,Cases,0,0
9/28/2014,190,UnitedStates,Deaths,0,0
9/28/2014,190,Spain,Cases,0,0
9/28/2014,190,Spain,Deaths,0,0
9/28/2014,190,Mali,Cases,0,0
9/28/2014,190,Mali,Deaths,0,0
10/1/2014,193,Guinea,Cases,42,1199
10/1/2014,193,Guinea,Deaths,29,739
10/1/2014,193,Liberia,Cases,138,3834
10/1/2014,193,Liberia,Deaths,71,2069
10/1/2014,193,SierraLeone,Cases,133,2437
10/1/2014,193,SierraLeone,Deaths,1,623
10/1/2014,193,Nigeria,Cases,0,22
10/1/2014,193,Nigeria,Deaths,0,8
10/1/2014,193,Senegal,Cases,0,3
10/1/2014,193,Senegal,Deaths,0,0
10/1/2014,193,UnitedStates,Cases,1,1
10/1/2014,193,UnitedStates,Deaths,0,0
10/1/2014,193,Spain,Cases,0,0
10/1/2014,193,Spain,Deaths,0,0
10/1/2014,193,Mali,Cases,0,0
10/1/2014,193,Mali,Deaths,0,0
10/4/2014,196,Guinea,Cases,0,1199
10/4/2014,196,Guinea,Deaths,0,739
10/4/2014,196,Liberia,Cases,90,3924
10/4/2014,196,Liberia,Deaths,141,2210
10/4/2014,196,SierraLeone,Cases,0,2437
10/4/2014,196,SierraLeone,Deaths,0,623
10/4/2014,196,Nigeria,Cases,0,22
10/4/2014,196,Nigeria,Deaths,0,8
10/4/2014,196,Senegal,Cases,0,3
10/4/2014,196,Senegal,Deaths,0,0
10/4/2014,196,UnitedStates,Cases,0,1
10/4/2014,196,UnitedStates,Deaths,0,0
10/4/2014,196,Spain,Cases,0,0
10/4/2014,196,Spain,Deaths,0,0
10/4/2014,196,Mali,Cases,0,0
10/4/2014,196,Mali,Deaths,0,0
10/5/2014,197,Guinea,Cases,99,1298
10/5/2014,197,Guinea,Deaths,29,768
10/5/2014,197,Liberia,Cases,0,3924
10/5/2014,197,Liberia,Deaths,0,2210
10/5/2014,197,SierraLeone,Cases,352,2789
10/5/2014,197,SierraLeone,Deaths,256,879
10/5/2014,197,Nigeria,Cases,0,22
10/5/2014,197,Nigeria,Deaths,0,8
10/5/2014,197,Senegal,Cases,0,3
10/5/2014,197,Senegal,Deaths,0,0
10/5/2014,197,UnitedStates,Cases,0,1
10/5/2014,197,UnitedStates,Deaths,0,0
10/5/2014,197,Spain,Cases,0,0
10/5/2014,197,Spain,Deaths,0,0
10/5/2014,197,Mali,Cases,0,0
10/5/2014,197,Mali,Deaths,0,0
10/7/2014,199,Guinea,Cases,52,1350
10/7/2014,199,Guinea,Deaths,10,778
10/7/2014,199,Liberia,Cases,152,4076
10/7/2014,199,Liberia,Deaths,106,2316
10/7/2014,199,SierraLeone,Cases,0,2789
10/7/2014,199,SierraLeone,Deaths,0,879
10/7/2014,199,Nigeria,Cases,0,22
10/7/2014,199,Nigeria,Deaths,0,8
10/7/2014,199,Senegal,Cases,0,3
10/7/2014,199,Senegal,Deaths,0,0
10/7/2014,199,UnitedStates,Cases,0,1
10/7/2014,199,UnitedStates,Deaths,0,0
10/7/2014,199,Spain,Cases,0,0
10/7/2014,199,Spain,Deaths,0,0
10/7/2014,199,Mali,Cases,0,0
10/7/2014,199,Mali,Deaths,0,0
10/8/2014,200,Guinea,Cases,0,1350
10/8/2014,200,Guinea,Deaths,0,778
10/8/2014,200,Liberia,Cases,0,4076
10/8/2014,200,Liberia,Deaths,0,2316
10/8/2014,200,SierraLeone,Cases,161,2950
10/8/2014,200,SierraLeone,Deaths,51,930
10/8/2014,200,Nigeria,Cases,0,22
10/8/2014,200,Nigeria,Deaths,0,8
10/8/2014,200,Senegal,Cases,0,3
10/8/2014,200,Senegal,Deaths,0,0
10/8/2014,200,UnitedStates,Cases,0,1
10/8/2014,200,UnitedStates,Deaths,1,1
10/8/2014,200,Spain,Cases,1,1
10/8/2014,200,Spain,Deaths,1,1
10/8/2014,200,Mali,Cases,0,0
10/8/2014,200,Mali,Deaths,0,0
10/11/2014,203,Guinea,Cases,0,1350
10/11/2014,203,Guinea,Deaths,0,778
10/11/2014,203,Liberia,Cases,173,4249
10/11/2014,203,Liberia,Deaths,142,2458
10/11/2014,203,SierraLeone,Cases,0,2950
10/11/2014,203,SierraLeone,Deaths,0,930
10/11/2014,203,Nigeria,Cases,0,22
10/11/2014,203,Nigeria,Deaths,0,8
10/11/2014,203,Senegal,Cases,0,3
10/11/2014,203,Senegal,Deaths,0,0
10/11/2014,203,UnitedStates,Cases,0,1
10/11/2014,203,UnitedStates,Deaths,0,1
10/11/2014,203,Spain,Cases,0,1
10/11/2014,203,Spain,Deaths,0,1
10/11/2014,203,Mali,Cases,0,0
10/11/2014,203,Mali,Deaths,0,0
10/12/2014,204,Guinea,Cases,122,1472
10/12/2014,204,Guinea,Deaths,65,843
10/12/2014,204,Liberia,Cases,0,4249
10/12/2014,204,Liberia,Deaths,0,2458
10/12/2014,204,SierraLeone,Cases,302,3252
10/12/2014,204,SierraLeone,Deaths,253,1183
10/12/2014,204,Nigeria,Cases,0,22
10/12/2014,204,Nigeria,Deaths,0,8
10/12/2014,204,Senegal,Cases,0,3
10/12/2014,204,Senegal,Deaths,0,0
10/12/2014,204,UnitedStates,Cases,1,2
10/12/2014,204,UnitedStates,Deaths,0,1
10/12/2014,204,Spain,Cases,0,1
10/12/2014,204,Spain,Deaths,0,1
10/12/2014,204,Mali,Cases,0,0
10/12/2014,204,Mali,Deaths,0,0
10/13/2014,205,Guinea,Cases,0,1472
10/13/2014,205,Guinea,Deaths,0,843
10/13/2014,205,Liberia,Cases,13,4262
10/13/2014,205,Liberia,Deaths,26,2484
10/13/2014,205,SierraLeone,Cases,0,3252
10/13/2014,205,SierraLeone,Deaths,0,1183
10/13/2014,205,Nigeria,Cases,0,22
10/13/2014,205,Nigeria,Deaths,0,8
10/13/2014,205,Senegal,Cases,0,3
10/13/2014,205,Senegal,Deaths,0,0
10/13/2014,205,UnitedStates,Cases,0,2
10/13/2014,205,UnitedStates,Deaths,0,1
10/13/2014,205,Spain,Cases,0,1
10/13/2014,205,Spain,Deaths,0,1
10/13/2014,205,Mali,Cases,0,0
10/13/2014,205,Mali,Deaths,0,0
10/14/2014,206,Guinea,Cases,47,1519
10/14/2014,206,Guinea,Deaths,19,862
10/14/2014,206,Liberia,Cases,0,4262
10/14/2014,206,Liberia,Deaths,0,2484
10/14/2014,206,SierraLeone,Cases,158,3410
10/14/2014,206,SierraLeone,Deaths,17,1200
10/14/2014,206,Nigeria,Cases,0,22
10/14/2014,206,Nigeria,Deaths,0,8
10/14/2014,206,Senegal,Cases,0,3
10/14/2014,206,Senegal,Deaths,0,0
10/14/2014,206,UnitedStates,Cases,1,3
10/14/2014,206,UnitedStates,Deaths,0,1
10/14/2014,206,Spain,Cases,0,1
10/14/2014,206,Spain,Deaths,0,1
10/14/2014,206,Mali,Cases,0,0
10/14/2014,206,Mali,Deaths,0,0
10/18/2014,210,Guinea,Cases,0,1519
10/18/2014,210,Guinea,Deaths,0,862
10/18/2014,210,Liberia,Cases,403,4665
10/18/2014,210,Liberia,Deaths,221,2705
10/18/2014,210,SierraLeone,Cases,0,3410
10/18/2014,210,SierraLeone,Deaths,0,1200
10/18/2014,210,Nigeria,Cases,0,22
10/18/2014,210,Nigeria,Deaths,0,8
10/18/2014,210,Senegal,Cases,0,3
10/18/2014,210,Senegal,Deaths,0,0
10/18/2014,210,UnitedStates,Cases,0,3
10/18/2014,210,UnitedStates,Deaths,0,1
10/18/2014,210,Spain,Cases,0,1
10/18/2014,210,Spain,Deaths,0,1
10/18/2014,210,Mali,Cases,0,0
10/18/2014,210,Mali,Deaths,0,0
10/19/2014,211,Guinea,Cases,21,1540
10/19/2014,211,Guinea,Deaths,42,904
10/19/2014,211,Liberia,Cases,0,4665
10/19/2014,211,Liberia,Deaths,0,2705
10/19/2014,211,SierraLeone,Cases,296,3706
10/19/2014,211,SierraLeone,Deaths,59,1259
10/19/2014,211,Nigeria,Cases,0,22
10/19/2014,211,Nigeria,Deaths,0,8
10/19/2014,211,Senegal,Cases,0,3
10/19/2014,211,Senegal,Deaths,0,0
10/19/2014,211,UnitedStates,Cases,0,3
10/19/2014,211,UnitedStates,Deaths,0,1
10/19/2014,211,Spain,Cases,0,1
10/19/2014,211,Spain,Deaths,0,1
10/19/2014,211,Mali,Cases,0,0
10/19/2014,211,Mali,Deaths,0,0
10/21/2014,213,Guinea,Cases,13,1553
10/21/2014,213,Guinea,Deaths,22,926
10/21/2014,213,Liberia,Cases,0,4665
10/21/2014,213,Liberia,Deaths,0,2705
10/21/2014,213,SierraLeone,Cases,0,3706
10/21/2014,213,SierraLeone,Deaths,0,1259
10/21/2014,213,Nigeria,Cases,0,22
10/21/2014,213,Nigeria,Deaths,0,8
10/21/2014,213,Senegal,Cases,0,3
10/21/2014,213,Senegal,Deaths,0,0
10/21/2014,213,UnitedStates,Cases,0,3
10/21/2014,213,UnitedStates,Deaths,0,1
10/21/2014,213,Spain,Cases,0,1
10/21/2014,213,Spain,Deaths,0,1
10/21/2014,213,Mali,Cases,0,0
10/21/2014,213,Mali,Deaths,0,0
10/22/2014,214,Guinea,Cases,0,1553
10/22/2014,214,Guinea,Deaths,0,926
10/22/2014,214,Liberia,Cases,0,4665
10/22/2014,214,Liberia,Deaths,0,2705
10/22/2014,214,SierraLeone,Cases,190,3896
10/22/2014,214,SierraLeone,Deaths,22,1281
10/22/2014,214,Nigeria,Cases,0,22
10/22/2014,214,Nigeria,Deaths,0,8
10/22/2014,214,Senegal,Cases,0,3
10/22/2014,214,Senegal,Deaths,0,0
10/22/2014,214,UnitedStates,Cases,1,4
10/22/2014,214,UnitedStates,Deaths,0,1
10/22/2014,214,Spain,Cases,0,1
10/22/2014,214,Spain,Deaths,0,1
10/22/2014,214,Mali,Cases,1,1
10/22/2014,214,Mali,Deaths,1,1
10/25/2014,216,Guinea,Cases,0,1553
10/25/2014,216,Guinea,Deaths,0,926
10/25/2014,216,Liberia,Cases,1870,6535
10/25/2014,216,Liberia,Deaths,0,2705
10/25/2014,216,SierraLeone,Cases,0,3896
10/25/2014,216,SierraLeone,Deaths,0,1281
10/25/2014,216,Nigeria,Cases,0,22
10/25/2014,216,Nigeria,Deaths,0,8
10/25/2014,216,Senegal,Cases,0,3
10/25/2014,216,Senegal,Deaths,0,0
10/25/2014,216,UnitedStates,Cases,0,4
10/25/2014,216,UnitedStates,Deaths,0,1
10/25/2014,216,Spain,Cases,0,1
10/25/2014,216,Spain,Deaths,0,1
10/25/2014,216,Mali,Cases,0,1
10/25/2014,216,Mali,Deaths,0,1
10/27/2014,218,Guinea,Cases,353,1906
10/27/2014,218,Guinea,Deaths,71,997
10/27/2014,218,Liberia,Cases,0,6535
10/27/2014,218,Liberia,Deaths,0,2705
10/27/2014,218,SierraLeone,Cases,1339,5235
10/27/2014,218,SierraLeone,Deaths,219,1500
10/27/2014,218,Nigeria,Cases,0,22
10/27/2014,218,Nigeria,Deaths,0,8
10/27/2014,218,Senegal,Cases,0,3
10/27/2014,218,Senegal,Deaths,0,0
10/27/2014,218,UnitedStates,Cases,0,4
10/27/2014,218,UnitedStates,Deaths,0,1
10/27/2014,218,Spain,Cases,0,1
10/27/2014,218,Spain,Deaths,0,1
10/27/2014,218,Mali,Cases,0,1
10/27/2014,218,Mali,Deaths,0,1